{
    "best_params": {
        "ocsvm__gamma": 0.05,
        "ocsvm__kernel": "rbf",
        "ocsvm__nu": 0.01
    },
    "best_cv_score": 0.636321048045186,
    "final_accuracy": 0.7303370786516854,
    "classification_report": {
        "Sound": {
            "precision": 0.9649122807017544,
            "recall": 0.7142857142857143,
            "f1-score": 0.8208955223880597,
            "support": 77.0
        },
        "Lame": {
            "precision": 0.3125,
            "recall": 0.8333333333333334,
            "f1-score": 0.45454545454545453,
            "support": 12.0
        },
        "accuracy": 0.7303370786516854,
        "macro avg": {
            "precision": 0.6387061403508771,
            "recall": 0.7738095238095238,
            "f1-score": 0.6377204884667571,
            "support": 89.0
        },
        "weighted avg": {
            "precision": 0.8769465799329784,
            "recall": 0.7303370786516854,
            "f1-score": 0.7715000076227647,
            "support": 89.0
        }
    }
}